{
  "version": 1,
  "author": "Anonymous maker",
  "editor": "wokwi",
  "parts": [
    { "type": "wokwi-breadboard-half", "id": "bb1", "top": -175.8, "left": -16.4, "attrs": {} },
    { "type": "wokwi-arduino-uno", "id": "uno", "top": 29.4, "left": 18.6, "attrs": {} },
    {
      "type": "wokwi-led",
      "id": "led1",
      "top": -123.2,
      "left": 71.4,
      "rotate": 180,
      "attrs": { "color": "red" }
    },
    {
      "type": "wokwi-resistor",
      "id": "r1",
      "top": -129.6,
      "left": 201.05,
      "rotate": 90,
      "attrs": { "value": "10000" }
    },
    {
      "type": "wokwi-resistor",
      "id": "r2",
      "top": -92.05,
      "left": 28.8,
      "attrs": { "value": "220" }
    },
    {
      "type": "wokwi-pushbutton",
      "id": "btn2",
      "top": -77.2,
      "left": 189.2,
      "rotate": 270,
      "attrs": { "color": "green", "key": "1" }
    }
  ],
  "connections": [
    [ "bb1:3t.a", "uno:9", "green", [ "v0" ] ],
    [ "bb1:tn.9", "uno:GND.3", "green", [ "v211.1", "h164.8" ] ],
    [ "btn2:1.r", "bb1:tp.18", "green", [ "v0" ] ],
    [ "bb1:tp.10", "uno:5V", "green", [ "v221.1", "h145.6" ] ],
    [ "btn2:2.r", "uno:2", "green", [ "v153.4", "h48.2" ] ],
    [ "r2:1", "bb1:3t.e", "", [ "$bb" ] ],
    [ "r2:2", "bb1:9t.e", "", [ "$bb" ] ],
    [ "r1:1", "bb1:tn.20", "", [ "$bb" ] ],
    [ "r1:2", "bb1:24t.d", "", [ "$bb" ] ],
    [ "btn2:1.l", "bb1:22b.j", "", [ "$bb" ] ],
    [ "btn2:2.l", "bb1:24b.j", "", [ "$bb" ] ],
    [ "btn2:1.r", "bb1:22t.e", "", [ "$bb" ] ],
    [ "btn2:2.r", "bb1:24t.e", "", [ "$bb" ] ],
    [ "led1:A", "bb1:9t.b", "", [ "$bb" ] ],
    [ "led1:C", "bb1:10t.b", "", [ "$bb" ] ],
    [ "r2:2", "led1:A", "green", [ "v0" ] ],
    [ "led1:C", "bb1:tn.8", "green", [ "v0" ] ]
  ],
  "dependencies": {}
}